<?xml version="1.0" encoding="UTF-8"?>
<locatingRules xmlns="http://thaiopensource.com/ns/locating-rules/1.0">
   <namespace uri="UBL-CommonSignatureComponents.rnc"
              ns="urn:oasis:names:specification:ubl:schema:xsd:CommonSignatureComponents-2"/>
   <namespace uri="UBL-ApplicationResponse.rnc"
              ns="urn:oasis:names:specification:ubl:schema:xsd:ApplicationResponse-2"/>
   <namespace uri="UBL-AttachedDocument.rnc"
              ns="urn:oasis:names:specification:ubl:schema:xsd:AttachedDocument-2"/>
   <namespace uri="UBL-BillOfLading.rnc"
              ns="urn:oasis:names:specification:ubl:schema:xsd:BillOfLading-2"/>
   <namespace uri="UBL-Catalogue.rnc"
              ns="urn:oasis:names:specification:ubl:schema:xsd:Catalogue-2"/>
   <namespace uri="UBL-CatalogueDeletion.rnc"
              ns="urn:oasis:names:specification:ubl:schema:xsd:CatalogueDeletion-2"/>
   <namespace uri="UBL-CatalogueItemSpecificationUpdate.rnc"
              ns="urn:oasis:names:specification:ubl:schema:xsd:CatalogueItemSpecificationUpdate-2"/>
   <namespace uri="UBL-CataloguePricingUpdate.rnc"
              ns="urn:oasis:names:specification:ubl:schema:xsd:CataloguePricingUpdate-2"/>
   <namespace uri="UBL-CatalogueRequest.rnc"
              ns="urn:oasis:names:specification:ubl:schema:xsd:CatalogueRequest-2"/>
   <namespace uri="UBL-CertificateOfOrigin.rnc"
              ns="urn:oasis:names:specification:ubl:schema:xsd:CertificateOfOrigin-2"/>
   <namespace uri="UBL-CreditNote.rnc"
              ns="urn:oasis:names:specification:ubl:schema:xsd:CreditNote-2"/>
   <namespace uri="UBL-DebitNote.rnc"
              ns="urn:oasis:names:specification:ubl:schema:xsd:DebitNote-2"/>
   <namespace uri="UBL-DespatchAdvice.rnc"
              ns="urn:oasis:names:specification:ubl:schema:xsd:DespatchAdvice-2"/>
   <namespace uri="UBL-ForwardingInstructions.rnc"
              ns="urn:oasis:names:specification:ubl:schema:xsd:ForwardingInstructions-2"/>
   <namespace uri="UBL-FreightInvoice.rnc"
              ns="urn:oasis:names:specification:ubl:schema:xsd:FreightInvoice-2"/>
   <namespace uri="UBL-Invoice.rnc"
              ns="urn:oasis:names:specification:ubl:schema:xsd:Invoice-2"/>
   <namespace uri="UBL-Order.rnc"
              ns="urn:oasis:names:specification:ubl:schema:xsd:Order-2"/>
   <namespace uri="UBL-OrderCancellation.rnc"
              ns="urn:oasis:names:specification:ubl:schema:xsd:OrderCancellation-2"/>
   <namespace uri="UBL-OrderChange.rnc"
              ns="urn:oasis:names:specification:ubl:schema:xsd:OrderChange-2"/>
   <namespace uri="UBL-OrderResponse.rnc"
              ns="urn:oasis:names:specification:ubl:schema:xsd:OrderResponse-2"/>
   <namespace uri="UBL-OrderResponseSimple.rnc"
              ns="urn:oasis:names:specification:ubl:schema:xsd:OrderResponseSimple-2"/>
   <namespace uri="UBL-PackingList.rnc"
              ns="urn:oasis:names:specification:ubl:schema:xsd:PackingList-2"/>
   <namespace uri="UBL-Quotation.rnc"
              ns="urn:oasis:names:specification:ubl:schema:xsd:Quotation-2"/>
   <namespace uri="UBL-ReceiptAdvice.rnc"
              ns="urn:oasis:names:specification:ubl:schema:xsd:ReceiptAdvice-2"/>
   <namespace uri="UBL-Reminder.rnc"
              ns="urn:oasis:names:specification:ubl:schema:xsd:Reminder-2"/>
   <namespace uri="UBL-RemittanceAdvice.rnc"
              ns="urn:oasis:names:specification:ubl:schema:xsd:RemittanceAdvice-2"/>
   <namespace uri="UBL-RequestForQuotation.rnc"
              ns="urn:oasis:names:specification:ubl:schema:xsd:RequestForQuotation-2"/>
   <namespace uri="UBL-SelfBilledCreditNote.rnc"
              ns="urn:oasis:names:specification:ubl:schema:xsd:SelfBilledCreditNote-2"/>
   <namespace uri="UBL-SelfBilledInvoice.rnc"
              ns="urn:oasis:names:specification:ubl:schema:xsd:SelfBilledInvoice-2"/>
   <namespace uri="UBL-Statement.rnc"
              ns="urn:oasis:names:specification:ubl:schema:xsd:Statement-2"/>
   <namespace uri="UBL-TransportationStatus.rnc"
              ns="urn:oasis:names:specification:ubl:schema:xsd:TransportationStatus-2"/>
   <namespace uri="UBL-Waybill.rnc"
              ns="urn:oasis:names:specification:ubl:schema:xsd:Waybill-2"/>
   <namespace uri="UBL-AwardedNotification.rnc"
              ns="urn:oasis:names:specification:ubl:schema:xsd:AwardedNotification-2"/>
   <namespace uri="UBL-CallForTenders.rnc"
              ns="urn:oasis:names:specification:ubl:schema:xsd:CallForTenders-2"/>
   <namespace uri="UBL-ContractAwardNotice.rnc"
              ns="urn:oasis:names:specification:ubl:schema:xsd:ContractAwardNotice-2"/>
   <namespace uri="UBL-ContractNotice.rnc"
              ns="urn:oasis:names:specification:ubl:schema:xsd:ContractNotice-2"/>
   <namespace uri="UBL-DocumentStatus.rnc"
              ns="urn:oasis:names:specification:ubl:schema:xsd:DocumentStatus-2"/>
   <namespace uri="UBL-DocumentStatusRequest.rnc"
              ns="urn:oasis:names:specification:ubl:schema:xsd:DocumentStatusRequest-2"/>
   <namespace uri="UBL-ExceptionCriteria.rnc"
              ns="urn:oasis:names:specification:ubl:schema:xsd:ExceptionCriteria-2"/>
   <namespace uri="UBL-ExceptionNotification.rnc"
              ns="urn:oasis:names:specification:ubl:schema:xsd:ExceptionNotification-2"/>
   <namespace uri="UBL-Forecast.rnc"
              ns="urn:oasis:names:specification:ubl:schema:xsd:Forecast-2"/>
   <namespace uri="UBL-ForecastRevision.rnc"
              ns="urn:oasis:names:specification:ubl:schema:xsd:ForecastRevision-2"/>
   <namespace uri="UBL-FulfilmentCancellation.rnc"
              ns="urn:oasis:names:specification:ubl:schema:xsd:FulfilmentCancellation-2"/>
   <namespace uri="UBL-GoodsItemItinerary.rnc"
              ns="urn:oasis:names:specification:ubl:schema:xsd:GoodsItemItinerary-2"/>
   <namespace uri="UBL-GuaranteeCertificate.rnc"
              ns="urn:oasis:names:specification:ubl:schema:xsd:GuaranteeCertificate-2"/>
   <namespace uri="UBL-InstructionForReturns.rnc"
              ns="urn:oasis:names:specification:ubl:schema:xsd:InstructionForReturns-2"/>
   <namespace uri="UBL-InventoryReport.rnc"
              ns="urn:oasis:names:specification:ubl:schema:xsd:InventoryReport-2"/>
   <namespace uri="UBL-ItemInformationRequest.rnc"
              ns="urn:oasis:names:specification:ubl:schema:xsd:ItemInformationRequest-2"/>
   <namespace uri="UBL-PriorInformationNotice.rnc"
              ns="urn:oasis:names:specification:ubl:schema:xsd:PriorInformationNotice-2"/>
   <namespace uri="UBL-ProductActivity.rnc"
              ns="urn:oasis:names:specification:ubl:schema:xsd:ProductActivity-2"/>
   <namespace uri="UBL-RetailEvent.rnc"
              ns="urn:oasis:names:specification:ubl:schema:xsd:RetailEvent-2"/>
   <namespace uri="UBL-StockAvailabilityReport.rnc"
              ns="urn:oasis:names:specification:ubl:schema:xsd:StockAvailabilityReport-2"/>
   <namespace uri="UBL-Tender.rnc"
              ns="urn:oasis:names:specification:ubl:schema:xsd:Tender-2"/>
   <namespace uri="UBL-TendererQualification.rnc"
              ns="urn:oasis:names:specification:ubl:schema:xsd:TendererQualification-2"/>
   <namespace uri="UBL-TendererQualificationResponse.rnc"
              ns="urn:oasis:names:specification:ubl:schema:xsd:TendererQualificationResponse-2"/>
   <namespace uri="UBL-TenderReceipt.rnc"
              ns="urn:oasis:names:specification:ubl:schema:xsd:TenderReceipt-2"/>
   <namespace uri="UBL-TradeItemLocationProfile.rnc"
              ns="urn:oasis:names:specification:ubl:schema:xsd:TradeItemLocationProfile-2"/>
   <namespace uri="UBL-TransportationStatusRequest.rnc"
              ns="urn:oasis:names:specification:ubl:schema:xsd:TransportationStatusRequest-2"/>
   <namespace uri="UBL-TransportExecutionPlan.rnc"
              ns="urn:oasis:names:specification:ubl:schema:xsd:TransportExecutionPlan-2"/>
   <namespace uri="UBL-TransportExecutionPlanRequest.rnc"
              ns="urn:oasis:names:specification:ubl:schema:xsd:TransportExecutionPlanRequest-2"/>
   <namespace uri="UBL-TransportProgressStatus.rnc"
              ns="urn:oasis:names:specification:ubl:schema:xsd:TransportProgressStatus-2"/>
   <namespace uri="UBL-TransportProgressStatusRequest.rnc"
              ns="urn:oasis:names:specification:ubl:schema:xsd:TransportProgressStatusRequest-2"/>
   <namespace uri="UBL-TransportServiceDescription.rnc"
              ns="urn:oasis:names:specification:ubl:schema:xsd:TransportServiceDescription-2"/>
   <namespace uri="UBL-TransportServiceDescriptionRequest.rnc"
              ns="urn:oasis:names:specification:ubl:schema:xsd:TransportServiceDescriptionRequest-2"/>
   <namespace uri="UBL-UnawardedNotification.rnc"
              ns="urn:oasis:names:specification:ubl:schema:xsd:UnawardedNotification-2"/>
   <namespace uri="UBL-UtilityStatement.rnc"
              ns="urn:oasis:names:specification:ubl:schema:xsd:UtilityStatement-2"/>
</locatingRules>
